num,title,phase,priority,notes
1,Backup current project and initialize Git baseline,"A. Safety, scope, recovery",P0,
2,"Execution rules: one task at a time, test and commit","A. Safety, scope, recovery",P0,
3,Full scope definition: Electron desktop + Supabase + LiveKit + production roadmap,"A. Safety, scope, recovery",P0,
4,Compare legacy 001-260 task pack with the new master plan,"A. Safety, scope, recovery",P0,
5,"Platform direction: Windows, Linux, macOS Electron desktop app","A. Safety, scope, recovery",P0,
6,Reference image UI design direction and originality rules,"A. Safety, scope, recovery",P0,
7,Supabase-first backend architecture decision,"A. Safety, scope, recovery",P0,
8,LiveKit/WebRTC voice and screen share architecture decision,"A. Safety, scope, recovery",P0,
9,"License and branding guardrails: no Discord assets, Coolicons attribution","A. Safety, scope, recovery",P0,
10,Read-only project audit before coding,"A. Safety, scope, recovery",P0,
11,Create docs/project-scope.md,"A. Safety, scope, recovery",P0,
12,Create docs/architecture-overview.md,"A. Safety, scope, recovery",P0,
13,Create docs/development-workflow.md,"A. Safety, scope, recovery",P0,
14,Create docs/risk-register.md,"A. Safety, scope, recovery",P1,
15,Create docs/decision-log.md,"A. Safety, scope, recovery",P1,
16,Create Electron + Vite + React + TypeScript app foundation,B. Electron foundation,P0,
17,Configure Electron main process,B. Electron foundation,P0,
18,Configure Electron preload bridge with contextIsolation,B. Electron foundation,P0,
19,Configure renderer entry point,B. Electron foundation,P0,
20,Configure package scripts for electron:dev and build,B. Electron foundation,P0,
21,Set default window size 1440x900 and min size 1100x700,B. Electron foundation,P0,
22,Create safe windowService abstraction,B. Electron foundation,P0,
23,Create platformService runtime detection,B. Electron foundation,P0,
24,"Add macOS, Windows, Linux runtime labels",B. Electron foundation,P1,
25,Add safe IPC channel whitelist,B. Electron foundation,P0,
26,Add app config and brand config,B. Electron foundation,P0,
27,Create placeholder app icon assets,B. Electron foundation,P1,
28,Configure environment variables for desktop app,B. Electron foundation,P0,
29,Create desktop startup error boundary,B. Electron foundation,P1,
30,Electron dev mode smoke test,B. Electron foundation,P0,
31,Create DesktopAppShell four-column layout,C. Premium desktop UI shell,P0,
32,Create custom WindowTitleBar,C. Premium desktop UI shell,P0,
33,Create design token CSS variables,C. Premium desktop UI shell,P0,
34,Create light theme,C. Premium desktop UI shell,P0,
35,Create dark theme,C. Premium desktop UI shell,P0,
36,Create ThemeToggle and theme persistence placeholder,C. Premium desktop UI shell,P0,
37,Create rounded premium app frame,C. Premium desktop UI shell,P0,
38,Add minimum desktop width warning,C. Premium desktop UI shell,P0,
39,Prevent horizontal overflow,C. Premium desktop UI shell,P0,
40,Prepare independent scroll containers,C. Premium desktop UI shell,P0,
41,Create ServerRail placeholder,C. Premium desktop UI shell,P0,
42,Create CommunitySidebar placeholder,C. Premium desktop UI shell,P0,
43,Create ChatMain placeholder,C. Premium desktop UI shell,P0,
44,Create MemberSidebar placeholder,C. Premium desktop UI shell,P0,
45,UI shell resize QA,C. Premium desktop UI shell,P0,
46,Audit current icon usage read-only,D. Coolicons icon system,P0,
47,Add Coolicons attribution to THIRD_PARTY_NOTICES.md,D. Coolicons icon system,P0,
48,Add free Coolicons source policy,D. Coolicons icon system,P0,
49,Create AppIcon component,D. Coolicons icon system,P0,
50,Create semantic icon registry,D. Coolicons icon system,P0,
51,Map MVP UI icons to Coolicons,D. Coolicons icon system,P0,
52,Replace WindowTitleBar icons with AppIcon,D. Coolicons icon system,P0,
53,Replace ServerRail icons with AppIcon,D. Coolicons icon system,P0,
54,Replace CommunitySidebar icons with AppIcon,D. Coolicons icon system,P0,
55,Replace ChatHeader icons with AppIcon,D. Coolicons icon system,P0,
56,Replace MessageComposer icons with AppIcon,D. Coolicons icon system,P0,
57,Replace MemberSidebar icons with AppIcon,D. Coolicons icon system,P0,
58,Replace overlay/context menu icons with AppIcon,D. Coolicons icon system,P1,
59,Add aria-label rules for icon buttons,D. Coolicons icon system,P0,
60,Run Coolicons build and visual QA,D. Coolicons icon system,P0,
61,Create TypeScript community domain types,E. Mock data and MVP state,P0,
62,Create mockCommunities dataset,E. Mock data and MVP state,P0,
63,Create mock members and roles,E. Mock data and MVP state,P0,
64,Create mock channels and categories,E. Mock data and MVP state,P0,
65,Create mock messages and reactions,E. Mock data and MVP state,P0,
66,Create mock image attachments for 1/2/3/4 layouts,E. Mock data and MVP state,P0,
67,Create generated avatar and community icon fallback utilities,E. Mock data and MVP state,P0,
68,Create MVP app state for activeCommunityId and activeChannelId,E. Mock data and MVP state,P0,
69,Create local message state,E. Mock data and MVP state,P0,
70,Create UI overlay state,E. Mock data and MVP state,P0,
71,Create member sidebar visibility state,E. Mock data and MVP state,P0,
72,Create safe fallback selection for missing channel/community,E. Mock data and MVP state,P0,
73,Add mock mode environment setting,E. Mock data and MVP state,P0,
74,Mock data QA,E. Mock data and MVP state,P0,
75,Commit mock mode baseline,E. Mock data and MVP state,P0,
76,Build ServerRail component,F. Core chat UI components,P0,
77,Polish ServerRail active and hover states,F. Core chat UI components,P0,
78,Build CommunityHeader,F. Core chat UI components,P0,
79,Build ChannelCategory collapsible component,F. Core chat UI components,P0,
80,Build ChannelItem component,F. Core chat UI components,P0,
81,Build UserMiniCard,F. Core chat UI components,P0,
82,Build CommunitySidebar scroll behavior,F. Core chat UI components,P0,
83,Build ChatHeader,F. Core chat UI components,P0,
84,Build MemberSidebar toggle from ChatHeader,F. Core chat UI components,P0,
85,Build MessageList container,F. Core chat UI components,P0,
86,Build MessageItem,F. Core chat UI components,P0,
87,Build message hover actions,F. Core chat UI components,P0,
88,Build unread divider placeholder,F. Core chat UI components,P1,
89,Build AttachmentGrid,F. Core chat UI components,P0,
90,Build ImagePreviewModal,F. Core chat UI components,P0,
91,Build MessageComposer,F. Core chat UI components,P0,
92,Implement Enter and Shift+Enter behavior,F. Core chat UI components,P0,
93,Implement local message send and auto-scroll,F. Core chat UI components,P0,
94,Build MemberSidebar groups,F. Core chat UI components,P0,
95,Implement member search,F. Core chat UI components,P0,
96,Build UserProfilePopover,F. Core chat UI components,P0,
97,Build DesktopContextMenu,F. Core chat UI components,P0,
98,Build SettingsModal MVP,F. Core chat UI components,P0,
99,Build Keyboard Shortcuts section,F. Core chat UI components,P1,
100,Final MVP UI polish against reference image,F. Core chat UI components,P0,
101,MVP UI build test,F. Core chat UI components,P0,
102,Create Supabase project setup guide,G. Supabase foundation,P0,
103,Install and configure Supabase client,G. Supabase foundation,P0,
104,Create Supabase environment variables,G. Supabase foundation,P0,
105,Create Supabase local development notes,G. Supabase foundation,P1,
106,Create database migration baseline,G. Supabase foundation,P0,
107,Create schema for profiles table,G. Supabase foundation,P0,
108,Create schema for communities table,G. Supabase foundation,P0,
109,Create schema for community_members table,G. Supabase foundation,P0,
110,Create schema for roles table,G. Supabase foundation,P0,
111,Create schema for channel_categories table,G. Supabase foundation,P0,
112,Create schema for channels table,G. Supabase foundation,P0,
113,Create schema for messages table,G. Supabase foundation,P0,
114,Create schema for message_attachments table,G. Supabase foundation,P0,
115,Create schema for message_reactions table,G. Supabase foundation,P0,
116,Create schema for read_states table,G. Supabase foundation,P1,
117,Create indexes for chat queries,G. Supabase foundation,P0,
118,Create seed data for Supabase,G. Supabase foundation,P0,
119,Create Supabase type generation workflow,G. Supabase foundation,P0,
120,Create Supabase DB docs,G. Supabase foundation,P1,
121,Supabase schema smoke test,G. Supabase foundation,P0,
122,Configure Supabase Auth email/password,H. Supabase Auth and RLS,P0,
123,Create auth service wrapper,H. Supabase Auth and RLS,P0,
124,Create Login screen desktop UI,H. Supabase Auth and RLS,P0,
125,Create Register screen desktop UI,H. Supabase Auth and RLS,P0,
126,Connect login/register to Supabase Auth,H. Supabase Auth and RLS,P0,
127,Create user profile after signup,H. Supabase Auth and RLS,P0,
128,Create protected desktop app route/state,H. Supabase Auth and RLS,P0,
129,Implement logout,H. Supabase Auth and RLS,P0,
130,Create RLS policy for profiles,H. Supabase Auth and RLS,P0,
131,Create RLS policy for communities,H. Supabase Auth and RLS,P0,
132,Create RLS policy for community_members,H. Supabase Auth and RLS,P0,
133,Create RLS policy for channels,H. Supabase Auth and RLS,P0,
134,Create RLS policy for messages,H. Supabase Auth and RLS,P0,
135,Create RLS policy for attachments,H. Supabase Auth and RLS,P0,
136,Create RLS policy for reactions,H. Supabase Auth and RLS,P0,
137,Test member-only community access,H. Supabase Auth and RLS,P0,
138,Test private channel access boundaries,H. Supabase Auth and RLS,P0,
139,Document RLS policies,H. Supabase Auth and RLS,P0,
140,Add RLS security checklist,H. Supabase Auth and RLS,P0,
141,Auth and RLS integration test,H. Supabase Auth and RLS,P0,
142,Create data source switch mock vs Supabase,I. Core data services and CRUD,P0,
143,Create community service,I. Core data services and CRUD,P0,
144,Create community list query,I. Core data services and CRUD,P0,
145,Create create community flow,I. Core data services and CRUD,P0,
146,Create community update placeholder,I. Core data services and CRUD,P1,
147,Create channel service,I. Core data services and CRUD,P0,
148,Create channel list query,I. Core data services and CRUD,P0,
149,Create create channel flow,I. Core data services and CRUD,P0,
150,Create channel update/delete placeholder,I. Core data services and CRUD,P1,
151,Create message service,I. Core data services and CRUD,P0,
152,Create message fetch query with pagination placeholder,I. Core data services and CRUD,P0,
153,Create message send mutation,I. Core data services and CRUD,P0,
154,Create message edit mutation,I. Core data services and CRUD,P0,
155,Create message delete mutation,I. Core data services and CRUD,P0,
156,Create reactions service,I. Core data services and CRUD,P0,
157,Create members service,I. Core data services and CRUD,P0,
158,Connect ServerRail to Supabase data mode,I. Core data services and CRUD,P0,
159,Connect CommunitySidebar to Supabase data mode,I. Core data services and CRUD,P0,
160,Connect MessageList to Supabase data mode,I. Core data services and CRUD,P0,
161,Connect MemberSidebar to Supabase data mode,I. Core data services and CRUD,P0,
162,Ensure mock mode still works,I. Core data services and CRUD,P0,
163,Supabase API mode regression test,I. Core data services and CRUD,P0,
164,Create Supabase Storage bucket plan,J. Supabase Storage and attachments,P0,
165,Create image upload bucket,J. Supabase Storage and attachments,P0,
166,Create Storage RLS policy for attachments,J. Supabase Storage and attachments,P0,
167,Create upload service wrapper,J. Supabase Storage and attachments,P0,
168,Validate image file types,J. Supabase Storage and attachments,P0,
169,Validate max file size,J. Supabase Storage and attachments,P0,
170,Implement composer attachment preview,J. Supabase Storage and attachments,P0,
171,Upload image before sending message,J. Supabase Storage and attachments,P0,
172,Persist attachment metadata,J. Supabase Storage and attachments,P0,
173,Render uploaded images in AttachmentGrid,J. Supabase Storage and attachments,P0,
174,Create image preview modal for uploaded images,J. Supabase Storage and attachments,P0,
175,Reject unsupported files with clear error,J. Supabase Storage and attachments,P0,
176,Add drag and drop placeholder,J. Supabase Storage and attachments,P1,
177,Add clipboard paste image placeholder,J. Supabase Storage and attachments,P1,
178,Attachment upload security QA,J. Supabase Storage and attachments,P0,
179,Enable Supabase Realtime for messages,"K. Supabase Realtime, presence, notifications",P0,
180,Subscribe to active channel messages,"K. Supabase Realtime, presence, notifications",P0,
181,Handle realtime message insert,"K. Supabase Realtime, presence, notifications",P0,
182,Handle realtime message update,"K. Supabase Realtime, presence, notifications",P0,
183,Handle realtime message delete,"K. Supabase Realtime, presence, notifications",P0,
184,Prevent duplicate optimistic messages,"K. Supabase Realtime, presence, notifications",P0,
185,Implement realtime reconnect status,"K. Supabase Realtime, presence, notifications",P0,
186,Create typing indicator via broadcast,"K. Supabase Realtime, presence, notifications",P1,
187,Create presence channel for online status,"K. Supabase Realtime, presence, notifications",P0,
188,Update MemberSidebar presence dots,"K. Supabase Realtime, presence, notifications",P0,
189,Create unread state foundation,"K. Supabase Realtime, presence, notifications",P1,
190,Create mention badge foundation,"K. Supabase Realtime, presence, notifications",P1,
191,Create notification settings placeholder,"K. Supabase Realtime, presence, notifications",P1,
192,Create in-app notification/toast system,"K. Supabase Realtime, presence, notifications",P1,
193,Create native notification service placeholder,"K. Supabase Realtime, presence, notifications",P2,
194,Supabase realtime two-window test,"K. Supabase Realtime, presence, notifications",P0,
195,Define microservice boundaries on Supabase,L. Supabase Edge Functions and microservice boundaries,P1,
196,Create Edge Function project structure,L. Supabase Edge Functions and microservice boundaries,P1,
197,Create LiveKit token Edge Function,L. Supabase Edge Functions and microservice boundaries,P0,
198,Create invite acceptance Edge Function placeholder,L. Supabase Edge Functions and microservice boundaries,P2,
199,Create moderation helper Edge Function placeholder,L. Supabase Edge Functions and microservice boundaries,P2,
200,Create notification fanout Edge Function placeholder,L. Supabase Edge Functions and microservice boundaries,P2,
201,Create file validation Edge Function placeholder,L. Supabase Edge Functions and microservice boundaries,P2,
202,Secure Edge Functions with Supabase JWT,L. Supabase Edge Functions and microservice boundaries,P0,
203,Add Edge Function environment variable docs,L. Supabase Edge Functions and microservice boundaries,P0,
204,Deploy Edge Functions to staging placeholder,L. Supabase Edge Functions and microservice boundaries,P1,
205,Edge Function local test guide,L. Supabase Edge Functions and microservice boundaries,P1,
206,Microservice boundary documentation,L. Supabase Edge Functions and microservice boundaries,P1,
207,Create LiveKit architecture document,M. LiveKit voice and screen sharing MVP,P0,
208,Add LiveKit environment variables,M. LiveKit voice and screen sharing MVP,P0,
209,Install LiveKit client dependency,M. LiveKit voice and screen sharing MVP,P0,
210,Create voice service wrapper,M. LiveKit voice and screen sharing MVP,P0,
211,Create VoiceRoomView UI,M. LiveKit voice and screen sharing MVP,P0,
212,Click voice channel opens VoiceRoomView,M. LiveKit voice and screen sharing MVP,P0,
213,Create LiveKit room naming strategy,M. LiveKit voice and screen sharing MVP,P0,
214,Fetch LiveKit token from Edge Function,M. LiveKit voice and screen sharing MVP,P0,
215,Join voice room,M. LiveKit voice and screen sharing MVP,P0,
216,Leave voice room,M. LiveKit voice and screen sharing MVP,P0,
217,Mute microphone,M. LiveKit voice and screen sharing MVP,P0,
218,Deafen audio,M. LiveKit voice and screen sharing MVP,P0,
219,Show connected users,M. LiveKit voice and screen sharing MVP,P0,
220,Show speaking indicator,M. LiveKit voice and screen sharing MVP,P1,
221,Handle audio device selection placeholder,M. LiveKit voice and screen sharing MVP,P1,
222,Create screen share button,M. LiveKit voice and screen sharing MVP,P0,
223,Implement Electron desktop screen capture source picker,M. LiveKit voice and screen sharing MVP,P0,
224,Start screen share in LiveKit room,M. LiveKit voice and screen sharing MVP,P0,
225,Stop screen share,M. LiveKit voice and screen sharing MVP,P0,
226,Show screen share preview tile,M. LiveKit voice and screen sharing MVP,P1,
227,Handle macOS microphone permission notes,M. LiveKit voice and screen sharing MVP,P0,
228,Handle macOS screen recording permission notes,M. LiveKit voice and screen sharing MVP,P0,
229,Handle Windows screen share test,M. LiveKit voice and screen sharing MVP,P0,
230,Handle Linux screen share test,M. LiveKit voice and screen sharing MVP,P0,
231,Voice and screen share QA,M. LiveKit voice and screen sharing MVP,P0,
232,Create notificationService native bridge,N. Electron native services,P1,
233,Create trayService native bridge,N. Electron native services,P1,
234,Create fileService native bridge,N. Electron native services,P1,
235,Create clipboardService native bridge,N. Electron native services,P1,
236,Create externalLinkService safe opener,N. Electron native services,P0,
237,Create menuService placeholder,N. Electron native services,P2,
238,Create deepLinkService placeholder,N. Electron native services,P1,
239,Create updateService placeholder,N. Electron native services,P2,
240,Create loggingService,N. Electron native services,P0,
241,Create crash recovery ErrorBoundary integration,N. Electron native services,P1,
242,Implement single instance lock,N. Electron native services,P1,
243,Implement window state persistence,N. Electron native services,P1,
244,Implement network status detection,N. Electron native services,P1,
245,Implement sleep/wake resume handling,N. Electron native services,P1,
246,IPC security audit,N. Electron native services,P0,
247,Configure electron-builder or forge,O. Packaging Windows Linux macOS,P0,
248,Configure Windows packaging,O. Packaging Windows Linux macOS,P0,
249,Configure Linux AppImage,O. Packaging Windows Linux macOS,P0,
250,Configure Linux deb package,O. Packaging Windows Linux macOS,P1,
251,Configure macOS dmg or zip package,O. Packaging Windows Linux macOS,P0,
252,Set app name and identifier,O. Packaging Windows Linux macOS,P0,
253,Set app icons,O. Packaging Windows Linux macOS,P0,
254,Configure preload and context isolation in packaged app,O. Packaging Windows Linux macOS,P0,
255,Configure production environment injection,O. Packaging Windows Linux macOS,P0,
256,Create Windows smoke test document,O. Packaging Windows Linux macOS,P0,
257,Create Linux smoke test document,O. Packaging Windows Linux macOS,P0,
258,Create macOS smoke test document,O. Packaging Windows Linux macOS,P0,
259,Document macOS signing and notarization placeholder,O. Packaging Windows Linux macOS,P1,
260,Document Windows code signing placeholder,O. Packaging Windows Linux macOS,P1,
261,Run packaged app smoke test checklist,O. Packaging Windows Linux macOS,P0,
262,Create MVP QA checklist,P. Full MVP QA and beta,P0,
263,Run UI regression test,P. Full MVP QA and beta,P0,
264,Run Coolicons QA,P. Full MVP QA and beta,P0,
265,Run Supabase RLS QA,P. Full MVP QA and beta,P0,
266,Run auth QA,P. Full MVP QA and beta,P0,
267,Run chat QA,P. Full MVP QA and beta,P0,
268,Run upload QA,P. Full MVP QA and beta,P0,
269,Run realtime QA,P. Full MVP QA and beta,P0,
270,Run voice QA,P. Full MVP QA and beta,P0,
271,Run screen share QA,P. Full MVP QA and beta,P0,
272,Run Electron native service QA,P. Full MVP QA and beta,P0,
273,Run Windows package QA,P. Full MVP QA and beta,P0,
274,Run Linux package QA,P. Full MVP QA and beta,P0,
275,Run macOS package QA,P. Full MVP QA and beta,P0,
276,Create beta environment config,P. Full MVP QA and beta,P0,
277,Create beta release notes,P. Full MVP QA and beta,P0,
278,Create known issues document,P. Full MVP QA and beta,P0,
279,Create feedback and logs placeholder,P. Full MVP QA and beta,P1,
280,Create beta bug triage workflow,P. Full MVP QA and beta,P1,
281,Create beta go/no-go checklist,P. Full MVP QA and beta,P0,
282,Direct messages foundation,Q. Advanced product features,P3,
283,Friends system foundation,Q. Advanced product features,P3,
284,Profile editing,Q. Advanced product features,P3,
285,Account security settings,Q. Advanced product features,P3,
286,Command palette enhancement,Q. Advanced product features,P3,
287,Deep links and protocol handler,Q. Advanced product features,P3,
288,Native app menu foundation,Q. Advanced product features,P3,
289,Auto-update architecture placeholder,Q. Advanced product features,P3,
290,Crash reporting and logs foundation,Q. Advanced product features,P3,
291,Security hardening pass,Q. Advanced product features,P3,
292,Performance optimization pass,Q. Advanced product features,P3,
293,Accessibility pass,Q. Advanced product features,P3,
294,Automated tests foundation,Q. Advanced product features,P3,
295,CI/CD pipeline foundation,Q. Advanced product features,P3,
296,Community discovery placeholder,Q. Advanced product features,P3,
297,Notification preferences per community/channel,Q. Advanced product features,P3,
298,Message link and copy link foundation,Q. Advanced product features,P3,
299,Markdown lite support,Q. Advanced product features,P3,
300,Emoji picker placeholder,Q. Advanced product features,P3,
301,GIF picker placeholder,Q. Advanced product features,P3,
302,Pinned messages,Q. Advanced product features,P3,
303,Inbox and mentions view,Q. Advanced product features,P3,
304,Channel topic and description,Q. Advanced product features,P3,
305,Channel welcome empty state,Q. Advanced product features,P3,
306,Scroll position management,Q. Advanced product features,P3,
307,Message pagination and load older,Q. Advanced product features,P3,
308,Typing indicator polish,Q. Advanced product features,P3,
309,Desktop sound effects placeholder,Q. Advanced product features,P3,
310,Developer diagnostics panel,Q. Advanced product features,P3,
311,Design QA against reference,Q. Advanced product features,P3,
312,Final README,Q. Advanced product features,P3,
313,Release checklist,Q. Advanced product features,P3,
314,Admin operations panel placeholder,Q. Advanced product features,P3,
315,Report management system,Q. Advanced product features,P3,
316,Community rules and welcome screening,Q. Advanced product features,P3,
317,Community templates,Q. Advanced product features,P3,
318,Community onboarding checklist,Q. Advanced product features,P3,
319,Scheduled maintenance mode,Q. Advanced product features,P3,
320,Status page integration placeholder,Q. Advanced product features,P3,
321,Background job queue foundation,Q. Advanced product features,P3,
322,Expired invites cleanup job,Q. Advanced product features,P3,
323,Orphaned upload cleanup job,Q. Advanced product features,P3,
324,Email service placeholder,Q. Advanced product features,P3,
325,Password reset flow placeholder,Q. Advanced product features,P3,
326,Email verification placeholder,Q. Advanced product features,P3,
327,Session management hardening,Q. Advanced product features,P3,
328,Two-factor authentication placeholder,Q. Advanced product features,P3,
329,Account deletion workflow,Q. Advanced product features,P3,
330,Data export placeholder,Q. Advanced product features,P3,
331,Community ownership transfer,Q. Advanced product features,P3,
332,Community delete safety,Q. Advanced product features,P3,
333,Private channel permission UI,Q. Advanced product features,P3,
334,Channel category management,Q. Advanced product features,P3,
335,Channel reorder UI placeholder,Q. Advanced product features,P3,
336,Message moderation filters placeholder,Q. Advanced product features,P3,
337,User blocking placeholder,Q. Advanced product features,P3,
338,Bot system foundation,Q. Advanced product features,P3,
339,Webhook foundation,Q. Advanced product features,P3,
340,Slash commands placeholder,Q. Advanced product features,P3,
341,Custom emoji foundation,Q. Advanced product features,P3,
342,Stickers placeholder,Q. Advanced product features,P3,
343,Polls feature,Q. Advanced product features,P3,
344,Community events / scheduled sessions,Q. Advanced product features,P3,
345,Threads placeholder,Q. Advanced product features,P3,
346,Forum channel placeholder,Q. Advanced product features,P3,
347,Announcement channel placeholder,Q. Advanced product features,P3,
348,Saved messages,Q. Advanced product features,P3,
349,Message drafts per channel,Q. Advanced product features,P3,
350,Composer permission states,Q. Advanced product features,P3,
351,Slow mode placeholder,Q. Advanced product features,P3,
352,Message search result jump,Q. Advanced product features,P3,
353,Advanced notification routing,Q. Advanced product features,P3,
354,Multi-account placeholder,Q. Advanced product features,P3,
355,Workspace export/import placeholder,Q. Advanced product features,P3,
356,Plugin system architecture document,Q. Advanced product features,P3,
357,Bot API architecture document,Q. Advanced product features,P3,
358,Developer portal placeholder,Q. Advanced product features,P3,
359,Community discovery production plan,Q. Advanced product features,P3,
360,Privacy-friendly analytics placeholder,Q. Advanced product features,P3,
361,Data migration strategy document,Q. Advanced product features,P3,
362,Feature flags foundation,Q. Advanced product features,P3,
363,Remote config foundation,Q. Advanced product features,P3,
364,Client/server version compatibility,Q. Advanced product features,P3,
365,Realtime horizontal scaling preparation,"R. Production operations, enterprise, compliance",P3,
366,Database performance audit,"R. Production operations, enterprise, compliance",P3,
367,Message retention and archiving,"R. Production operations, enterprise, compliance",P3,
368,Attachment CDN and signed URL plan,"R. Production operations, enterprise, compliance",P3,
369,Actual desktop protocol handler wiring,"R. Production operations, enterprise, compliance",P3,
370,Real native notifications integration,"R. Production operations, enterprise, compliance",P3,
371,Real system tray integration,"R. Production operations, enterprise, compliance",P3,
372,Launch on startup placeholder,"R. Production operations, enterprise, compliance",P3,
373,App lock / quick lock,"R. Production operations, enterprise, compliance",P3,
374,E2EE architecture document,"R. Production operations, enterprise, compliance",P3,
375,Compliance export/deletion hardening,"R. Production operations, enterprise, compliance",P3,
376,Localization QA TR/EN,"R. Production operations, enterprise, compliance",P3,
377,Date/time/timezone formatting,"R. Production operations, enterprise, compliance",P3,
378,High contrast and reduced motion,"R. Production operations, enterprise, compliance",P3,
379,Client local data migration,"R. Production operations, enterprise, compliance",P3,
380,API deprecation and compatibility policy,"R. Production operations, enterprise, compliance",P3,
381,Multi-tenant isolation review,"R. Production operations, enterprise, compliance",P3,
382,Dependency audit and update plan,"R. Production operations, enterprise, compliance",P3,
383,License and third-party notices,"R. Production operations, enterprise, compliance",P3,
384,Enterprise readiness report,"R. Production operations, enterprise, compliance",P3,
385,Final long-term architecture review,"R. Production operations, enterprise, compliance",P3,
386,Final roadmap consolidation,"R. Production operations, enterprise, compliance",P3,
387,Architecture Decision Records,"R. Production operations, enterprise, compliance",P3,
388,Monorepo package boundary cleanup,"R. Production operations, enterprise, compliance",P3,
389,Shared types package,"R. Production operations, enterprise, compliance",P3,
390,API SDK generation plan,"R. Production operations, enterprise, compliance",P3,
391,Desktop IPC security audit,"R. Production operations, enterprise, compliance",P3,
392,Content Security Policy,"R. Production operations, enterprise, compliance",P3,
393,Safe external link service hardening,"R. Production operations, enterprise, compliance",P3,
394,Image thumbnail generation placeholder,"R. Production operations, enterprise, compliance",P3,
395,Attachment malware scanning placeholder,"R. Production operations, enterprise, compliance",P3,
396,Attachment quarantine system,"R. Production operations, enterprise, compliance",P3,
397,Realtime event ordering,"R. Production operations, enterprise, compliance",P3,
398,Message sequence numbers,"R. Production operations, enterprise, compliance",P3,
399,Offline sync conflict resolution,"R. Production operations, enterprise, compliance",P3,
400,Database transaction consistency pass,"R. Production operations, enterprise, compliance",P3,
401,Audit log immutability plan,"R. Production operations, enterprise, compliance",P3,
402,Data residency plan,"R. Production operations, enterprise, compliance",P3,
403,Moderation appeals placeholder,"R. Production operations, enterprise, compliance",P3,
404,Trust and safety dashboard placeholder,"R. Production operations, enterprise, compliance",P3,
405,Community insights dashboard,"R. Production operations, enterprise, compliance",P3,
406,Code quality gate,"R. Production operations, enterprise, compliance",P3,
407,TypeScript strictness hardening,"R. Production operations, enterprise, compliance",P3,
408,Unified error code taxonomy,"R. Production operations, enterprise, compliance",P3,
409,Unified error UX,"R. Production operations, enterprise, compliance",P3,
410,Optimistic UI consistency audit,"R. Production operations, enterprise, compliance",P3,
411,Entity store normalization,"R. Production operations, enterprise, compliance",P3,
412,MessageList virtualization,"R. Production operations, enterprise, compliance",P3,
413,MemberSidebar virtualization,"R. Production operations, enterprise, compliance",P3,
414,Upload cancel/retry,"R. Production operations, enterprise, compliance",P3,
415,Image cache strategy,"R. Production operations, enterprise, compliance",P3,
416,Disk cache management,"R. Production operations, enterprise, compliance",P3,
417,Safe mode startup,"R. Production operations, enterprise, compliance",P3,
418,Crash recovery flow,"R. Production operations, enterprise, compliance",P3,
419,Backend maintenance scripts,"R. Production operations, enterprise, compliance",P3,
420,Admin user bootstrap,"R. Production operations, enterprise, compliance",P3,
421,Abuse event logging,"R. Production operations, enterprise, compliance",P3,
422,User safety center,"R. Production operations, enterprise, compliance",P3,
423,Quiet hours,"R. Production operations, enterprise, compliance",P3,
424,Notification digest placeholder,"R. Production operations, enterprise, compliance",P3,
425,Multi-client session sync,"R. Production operations, enterprise, compliance",P3,
426,User activity history,"R. Production operations, enterprise, compliance",P3,
427,API pagination standardization,"R. Production operations, enterprise, compliance",P3,
428,API idempotency keys,"R. Production operations, enterprise, compliance",P3,
429,Database integrity constraints audit,"R. Production operations, enterprise, compliance",P3,
430,Soft delete and restore policy,"R. Production operations, enterprise, compliance",P3,
431,Message history export placeholder,"R. Production operations, enterprise, compliance",P3,
432,Release artifact checksums,"R. Production operations, enterprise, compliance",P3,
433,Release artifact provenance,"R. Production operations, enterprise, compliance",P3,
434,Safe rollout strategy,"R. Production operations, enterprise, compliance",P3,
435,Emergency kill switch foundation,"R. Production operations, enterprise, compliance",P3,
436,Backend health/readiness/liveness split,"R. Production operations, enterprise, compliance",P3,
437,Backend graceful degradation,"R. Production operations, enterprise, compliance",P3,
438,Realtime load simulation script,"R. Production operations, enterprise, compliance",P3,
439,Message delivery receipts placeholder,"R. Production operations, enterprise, compliance",P3,
440,Read receipts placeholder,"R. Production operations, enterprise, compliance",P3,
441,Notification permission onboarding,"R. Production operations, enterprise, compliance",P3,
442,First-run performance budget,"R. Production operations, enterprise, compliance",P3,
443,Dependency bundle size audit,"R. Production operations, enterprise, compliance",P3,
444,Service Level Objectives plan,"R. Production operations, enterprise, compliance",P3,
445,Incident response runbook,"R. Production operations, enterprise, compliance",P3,
446,Postmortem template,"R. Production operations, enterprise, compliance",P3,
447,Staging environment smoke test,"R. Production operations, enterprise, compliance",P3,
448,Production deployment checklist,"R. Production operations, enterprise, compliance",P3,
449,Rollback runbook,"R. Production operations, enterprise, compliance",P3,
450,Backup verification script placeholder,"R. Production operations, enterprise, compliance",P3,
451,Database restore drill,"R. Production operations, enterprise, compliance",P3,
452,Data corruption detection plan,"R. Production operations, enterprise, compliance",P3,
453,Production secrets management plan,"R. Production operations, enterprise, compliance",P3,
454,Secret scanning CI placeholder,"R. Production operations, enterprise, compliance",P3,
455,Dependency vulnerability policy,"R. Production operations, enterprise, compliance",P3,
456,Database connection pooling plan,"R. Production operations, enterprise, compliance",P3,
457,API request timeout and retry policy,"R. Production operations, enterprise, compliance",P3,
458,Realtime backpressure policy,"R. Production operations, enterprise, compliance",P3,
459,Message send queue ordering,"R. Production operations, enterprise, compliance",P3,
460,Desktop update failure recovery,"R. Production operations, enterprise, compliance",P3,
461,Release candidate dry run,"R. Production operations, enterprise, compliance",P3,
462,Final Go/No-Go checklist,"R. Production operations, enterprise, compliance",P3,
463,Final production launch audit,"R. Production operations, enterprise, compliance",P3,
464,SSO/SAML enterprise placeholder,"R. Production operations, enterprise, compliance",P3,
465,SCIM provisioning placeholder,"R. Production operations, enterprise, compliance",P3,
466,Enterprise audit export,"R. Production operations, enterprise, compliance",P3,
467,Enterprise data retention policy,"R. Production operations, enterprise, compliance",P3,
468,Enterprise legal hold placeholder,"R. Production operations, enterprise, compliance",P3,
469,Enterprise deployment model document,"R. Production operations, enterprise, compliance",P3,
470,Enterprise admin console placeholder,"R. Production operations, enterprise, compliance",P3,
471,Enterprise billing placeholder,"R. Production operations, enterprise, compliance",P3,
472,Enterprise support runbook,"R. Production operations, enterprise, compliance",P3,
473,Final enterprise and operations audit,"R. Production operations, enterprise, compliance",P3,
